{"cameraMode":{"drawMode":0,"name":"Shaded","section":"Shading Mode"},"sceneLighting":true,"audioPlay":false,"sceneViewState":{"showFog":true,"showMaterialUpdate":false,"showSkybox":true,"showFlares":true,"showImageEffects":true,"showParticleSystems":true},"in2DMode":false,"pivot":{"x":2.181272506713867,"y":3.260538101196289,"z":9.437623977661133},"rotation":{"x":-0.10008761286735535,"y":-0.6812059879302979,"z":0.09482233226299286,"w":-0.7190163135528565},"size":11.668099403381348,"orthographic":false}